{"cv": {"macro_ap": 0.12972222344704432, "cnn": 0.12472156198901929, "tcn": 0.1311317511347177, "ensemble_w_cnn": 0.7250000000000001}}